,author_id,created_at,edit_history_tweet_ids,id,public_metrics,text,impression_count,like_count,quote_count,reply_count,retweet_count,dia,mes,aÃ±o
0,1151510939105144834,2022-12-29 16:39:19+00:00,['1608502937332113408'],1608502937332113408,"{'impression_count': 113, 'like_count': 4, 'quote_count': 0, 'reply_count': 0, 'retweet_count': 1}",empieza aÃ±o formÃ¡ndote profesiones ğ—±ğ—²ğ—ºğ—®ğ—»ğ—±ğ—® ğ—¹ğ—®ğ—¯ğ—¼ğ—¿ğ—®ğ—¹ âš  toma riendas vente / open day contaremos bootcamps cambiarÃ¡n vida thebridge_tech ğŸ¤¯ s///rnacifuzc,113,4,0,0,1,29,12,2022
1,570795448,2022-12-29 12:52:11+00:00,['1608445776732246017'],1608445776732246017,"{'impression_count': 124, 'like_count': 2, 'quote_count': 0, 'reply_count': 0, 'retweet_count': 0}",bootcamps tecnolÃ³gicos edem thebridge_tech empleos demandados ğŸ” â–¶ data science â–¶ desarrollo web full stack â–¶ ux/ui product design â–¶ ciberseguridad info â¬‡ s///hxdfjnlkpl,124,2,0,0,0,29,12,2022
2,1128860148,2022-12-29 09:16:11+00:00,['1608391421014196224'],1608391421014196224,"{'impression_count': 49, 'like_count': 2, 'quote_count': 0, 'reply_count': 0, 'retweet_count': 0}",edemempresarios acoge enero open day participan responsables thebridge_tech edemempresarios presentar bootcamps acercarÃ¡n alumnos profesiones alta demanda s///iczcilvwbo,49,2,0,0,0,29,12,2022
3,570795448,2022-12-27 09:00:57+00:00,['1607662809575292929'],1607662809575292929,"{'impression_count': 218, 'like_count': 5, 'quote_count': 0, 'reply_count': 0, 'retweet_count': 0}",estÃ¡s buscando profesiÃ³n cambie vida acÃ©rcate open day presentaremos alianza #edempoweredbythebridge thebridge_tech serie bootcamps desarrollo digital tecnolÃ³gico s///nxrixndjad s///bmksvtzc,218,5,0,0,0,27,12,2022
4,1162694149956603904,2022-12-23 12:54:06+00:00,['1606271930763354112'],1606271930763354112,"{'impression_count': 120, 'like_count': 1, 'quote_count': 0, 'reply_count': 0, 'retweet_count': 1}",thebridge_tech deseo tiğŸ’« Â¡quÃ© venga cargado Ã©xitos Â¡felices fiestasğŸ„ #christmastime #felicesfiestas #navidad #bye s///jfeimijbh,120,1,0,0,1,23,12,2022
5,799935450844631040,2022-12-22 23:51:18+00:00,['1606074933033009152'],1606074933033009152,"{'impression_count': 108, 'like_count': 3, 'quote_count': 0, 'reply_count': 0, 'retweet_count': 0}",edemempresarios thebridge_tech alÃ­an impartir bootcamps desarrollo digital tecnolÃ³gico valencia marina_empresas â˜› s///lzsetssvm #mediterrÃ¡neopress #tudiariodigital #comunitatvalenciana #polÃ­tica #economÃ­a #empresa #turismo vÃ­a mediterrneopress,108,3,0,0,0,22,12,2022
6,921670812637257728,2022-12-22 09:59:38+00:00,['1605865639213670400'],1605865639213670400,"{'impression_count': 142, 'like_count': 2, 'quote_count': 0, 'reply_count': 0, 'retweet_count': 0}",ğŸ“š formaciÃ³n edemempresarios aceleradora talento digital thebridge_tech unen impartir #bootcamps tecnolÃ³gicos objetivo reducir brecha digital potenciar formaciÃ³n competencias digitales tecnolÃ³gicas ğŸ“ª valenciaplaza s///ceeiottil,142,2,0,0,0,22,12,2022
7,1162694149956603904,2022-12-22 08:55:25+00:00,['1605849476895162368'],1605849476895162368,"{'impression_count': 308, 'like_count': 4, 'quote_count': 0, 'reply_count': 0, 'retweet_count': 4}",Â¡ven #opendayvalencia conoce #bootcamps edemempresarios thebridge_tech fÃ³rmate #uxuiproductdesign #ciberseguridad #desarrollowebfullstack #datascienceğŸš€ ğŸ“… ene â° h ğŸ“ edem marina valencia apÃºntate ğŸ‘‰s///ckvqsgh s///vhcqbtrf,308,4,0,0,4,22,12,2022
8,1175646685,2022-12-21 13:15:56+00:00,['1605552650119847938'],1605552650119847938,"{'impression_count': 321, 'like_count': 7, 'quote_count': 0, 'reply_count': 0, 'retweet_count': 1}",edem the bridge alÃ­an impartir bootcamps desarrollo digital tecnolÃ³gico valencia s///ixzypccy edemempresarios marina_empresas thebridge_tech #bootcampsdedesarrollodigitalytecnolÃ³gico,321,7,0,0,1,21,12,2022
9,402013017,2022-12-21 12:30:01+00:00,['1605541094397198336'],1605541094397198336,"{'impression_count': 538, 'like_count': 5, 'quote_count': 0, 'reply_count': 0, 'retweet_count': 2}",ğŸ’» edemempresarios thebridge_tech alÃ­an impartir bootcamps desarrollo digital tecnolÃ³gico valÃ¨ncia s///mvuwgmqo,538,5,0,0,2,21,12,2022
10,1128860148,2022-12-21 11:34:12+00:00,['1605527050898505729'],1605527050898505729,"{'impression_count': 149, 'like_count': 4, 'quote_count': 0, 'reply_count': 0, 'retweet_count': 1}",edemempresarios thebridge_tech impartirÃ¡n bootcamps tecnolÃ³gicos enero formar competencias digitales empleabilidad demanda s///nzpaucndf,149,4,0,0,1,21,12,2022
11,570795448,2022-12-21 10:12:46+00:00,['1605506556123963392'],1605506556123963392,"{'impression_count': 329, 'like_count': 6, 'quote_count': 0, 'reply_count': 0, 'retweet_count': 3}",#edempoweredbythebridge revoluciÃ³n formativa tecnologÃ­ağŸ¤¯ thebridge_tech #edem unimos formar profesiones cambiarÃ¡n vidas especialÃ­zate #bootcamps intensivos tecnologÃ­a ğŸ‘©â€ğŸ’» inicio cambio ğŸ‘‰ s///uobttpxxao s///awjjmshhy,329,6,0,0,3,21,12,2022
12,1407291884901482496,2022-12-16 10:45:37+00:00,['1603702882209075200'],1603702882209075200,"{'impression_count': 26, 'like_count': 1, 'quote_count': 0, 'reply_count': 0, 'retweet_count': 0}",palabras agradecimiento anfitriÃ³n thebridge_tech cuyo consejero delegado iker arce ikerarceseco intervino sesiÃ³n inaugural i congreso #ciberseguridad #pymes diciembre s///jtivsdsfa,26,1,0,0,0,16,12,2022
13,1530194743786881024,2022-12-13 18:53:22+00:00,['1602738464902250497'],1602738464902250497,"{'impression_count': 0, 'like_count': 2, 'quote_count': 0, 'reply_count': 0, 'retweet_count': 0}",libertariadora javieramaestre kilrau gabohbeaumont olya_borderless ğŸ™ğŸ» thebridge_tech,0,2,0,0,0,13,12,2022
14,1162694149956603904,2022-12-13 08:12:57+00:00,['1602577299689308162'],1602577299689308162,"{'impression_count': 0, 'like_count': 4, 'quote_count': 0, 'reply_count': 0, 'retweet_count': 4}",#bbkbootcamps entrenamiento militar llevado Ã¡mbito tecnolÃ³gico ğŸ¤” campus manager #bilbao jorgegrev explica â–¶ Â¡acelera carrera digital bbk_eus thebridge_tech info ğŸ‘‰s///ondjeamv s///vizycdoejx,0,4,0,0,4,13,12,2022
15,108885393,2022-12-12 08:15:33+00:00,['1602215568127426562'],1602215568127426562,"{'impression_count': 0, 'like_count': 3, 'quote_count': 0, 'reply_count': 0, 'retweet_count': 0}",ğŸ’¡Â¡interesante entrevista director tecnologÃ­a ramon lozano afrontar problemas #talento #digital empresas tecnolÃ³gicas ğŸ”½s///azhgefi #bezucchetti #innovaciÃ³n #tecnologÃ­a bbk_eus thebridge_tech zucchettispa zucchettiworld,0,3,0,0,0,12,12,2022
16,1162694149956603904,2022-12-07 15:07:46+00:00,['1600507365006131204'],1600507365006131204,"{'impression_count': 0, 'like_count': 1, 'quote_count': 0, 'reply_count': 0, 'retweet_count': 1}",#webdeveloper âƒ£ semanas ven #bootcamp formacion_fuc thebridge_tech Â¡un entrenamiento % prÃ¡ctico dominar stack mern conoce programa resuelve dudasğŸ‘¨â€ğŸ’» ğŸ“… dic â° h Â¡apÃºntate ğŸ‘‰s///tzlpjye s///uvmqsuyyq,0,1,0,0,1,7,12,2022
17,49219057,2022-12-06 18:40:34+00:00,['1600198528323575809'],1600198528323575809,"{'impression_count': 0, 'like_count': 1, 'quote_count': 1, 'reply_count': 1, 'retweet_count': 0}",Â«certificado graduaciÃ³nÂ» #fullstackdeveloper thebridge_tech promovido funiversia financiado indracompany / minsaitbyindra Â¡toca celebrar s///lhqrbltkgm,0,1,1,1,0,6,12,2022
18,702077405045899264,2022-12-06 10:00:16+00:00,['1600067592143740931'],1600067592143740931,"{'impression_count': 0, 'like_count': 3, 'quote_count': 0, 'reply_count': 0, 'retweet_count': 1}",presentaciÃ³n #bbkbootcamps realizada colaboraciÃ³n thebridge_tech bat_tower charlamos ramÃ³n lozano zucchettispain principales problemas #talento #digital surgen empresas tecnolÃ³gicas afrontarlos s///kuqrckcwq,0,3,0,0,1,6,12,2022
19,146406912,2022-12-05 18:21:51+00:00,['1599831430288359449'],1599831430288359449,"{'impression_count': 0, 'like_count': 1, 'quote_count': 0, 'reply_count': 0, 'retweet_count': 0}",guillerdorron rt bbk_eus presentaciÃ³n ediciÃ³n #bbkbootcamps realizada colaboraciÃ³n thebridge_tech torre bat_tower pudimos charlar guillerdorron zabala_ic potenciar #talento actual cuÃ¡leâ€¦ s///nebbbggcx,0,1,0,0,0,5,12,2022
20,702077405045899264,2022-12-05 14:00:20+00:00,['1599765621025169409'],1599765621025169409,"{'impression_count': 0, 'like_count': 7, 'quote_count': 0, 'reply_count': 0, 'retweet_count': 2}",presentaciÃ³n ediciÃ³n #bbkbootcamps realizada colaboraciÃ³n thebridge_tech torre bat_tower pudimos charlar guillerdorron zabala_ic potenciar #talento actual perfiles tecnolÃ³gicos demandados s///tijvjbcl,0,7,0,0,2,5,12,2022
21,1530194743786881024,2022-12-03 14:08:46+00:00,['1599042965573599233'],1599042965573599233,"{'impression_count': 0, 'like_count': 5, 'quote_count': 0, 'reply_count': 0, 'retweet_count': 4}",agredecemos thebridge_tech acoger meetup ğŸ”¥ #biin ers comportarse ğŸ˜ thebridge_tech ğŸ‘‰s///bjzdxbdtoğŸ‘ˆ s///rpunevht,0,5,0,0,4,3,12,2022
22,108885393,2022-12-02 08:40:07+00:00,['1598597870797688833'],1598597870797688833,"{'impression_count': 0, 'like_count': 4, 'quote_count': 0, 'reply_count': 0, 'retweet_count': 1}",ğŸ’¡ interesante intervenciÃ³n ramÃ³n lozano director #tecnologia zucchetti spain mesa redonda urgencia cerrar brecha digital euskadi celebrada ayer iniciativa bbk_eus thebridge_tech #bezucchetti zucchettispa zucchettiworld s///jehzazhjdw,0,4,0,0,1,2,12,2022
23,702077405045899264,2022-12-01 16:54:08+00:00,['1598359807005802497'],1598359807005802497,"{'impression_count': 0, 'like_count': 4, 'quote_count': 0, 'reply_count': 0, 'retweet_count': 0}",especial agradecimiento sarasola_nora directora obra social ikerarceseco ceo thebridge_tech oaldayturriaga responsable educaciÃ³n talento emprendimiento tomas iriondo director clustergaia guillerdorron zabala_ic ramon lozano zucchettispain,0,4,0,0,0,1,12,2022
24,702077405045899264,2022-12-01 16:01:03+00:00,['1598346448138956801'],1598346448138956801,"{'impression_count': 0, 'like_count': 0, 'quote_count': 0, 'reply_count': 0, 'retweet_count': 0}",ğŸ”™ atzo oso jardunaldi interesgarria izan genuen bat_tower -ean thebridge_tech -rekin elkarlanean egindako bbk bootcamp-en edizio berria aurkezteko ekitaldian mila esker aurkezpenera etorri zineten guztioi ğŸ¤— â„¹ï¸â• s///oqigkvis s///ahukujiky,0,0,0,0,0,1,12,2022
25,702077405045899264,2022-12-01 15:58:32+00:00,['1598345815583608832'],1598345815583608832,"{'impression_count': 0, 'like_count': 3, 'quote_count': 0, 'reply_count': 1, 'retweet_count': 2}",ğŸ”™ ayer vivimos jornada interesante evento presentaciÃ³n ediciÃ³n #bbkbootcamps realizada colaboraciÃ³n thebridge_tech bat_tower gracias personas acudisteis presentaciÃ³n ğŸ¤— â•â„¹ï¸ s///tyjzlgvpw s///yhry,0,3,0,1,2,1,12,2022
26,2529499620,2022-12-01 13:17:27+00:00,['1598305274309316609'],1598305274309316609,"{'impression_count': 0, 'like_count': 3, 'quote_count': 1, 'reply_count': 0, 'retweet_count': 3}",quieres #bootcamp #desarrollowebfullstack thebridge_tech fundacionuc pierdas sesiÃ³n informativaâ—â— ğŸ“… diciembre â°h ğŸ“ campus madrid-puerta toledo ğŸ’» online ğŸ«entrada #gratuita â¡ s///qiirpb s///rqwzdjmch,0,3,1,0,3,1,12,2022
27,2402179123,2022-12-01 12:45:37+00:00,['1598297264078098432'],1598297264078098432,"{'impression_count': 0, 'like_count': 5, 'quote_count': 0, 'reply_count': 0, 'retweet_count': 5}",presentaciÃ³n #bbkbootcamps by thebridge_tech bbk_kuna â¡ï¸ Â¡pÃ¡sate conocernos s///wlrfgaezpv s///mpextrh,0,5,0,0,5,1,12,2022
28,1327588137346998273,2022-12-01 02:29:27+00:00,['1598142203272261632'],1598142203272261632,"{'impression_count': 0, 'like_count': 2, 'quote_count': 0, 'reply_count': 0, 'retweet_count': 2}",thebridge_tech asocia inco academy impulsar inclusiÃ³n promover empleabilidad sector tecnolÃ³gicoğŸ”µ âœ…mira nota completa s///tdjzxq ğŸ‘‰ ğŸ‘‰suscrÃ­bete newsletter mensual s///rytqthbvp ğŸ‘ˆğŸ‘ˆ s///ersfqxsx,0,2,0,0,2,1,12,2022
29,146406912,2022-11-30 15:55:35+00:00,['1597982684487340040'],1597982684487340040,"{'impression_count': 0, 'like_count': 0, 'quote_count': 0, 'reply_count': 0, 'retweet_count': 0}",guillerdorron rt bbk_eus ğŸ¤” zer dira bbk eta thebridge_tech -en #bbkbootcamps -ak bootcamp metodologia ikastaroak dira full stack web garapenerako datuen zientziarako zibersegurtasunerako eta ux/ui produktuen diseinurako nora sarasolak hobetoâ€¦ s///uwifxaahzp,0,0,0,0,0,30,11,2022
30,146406912,2022-11-30 15:55:34+00:00,['1597982680087465984'],1597982680087465984,"{'impression_count': 0, 'like_count': 0, 'quote_count': 0, 'reply_count': 0, 'retweet_count': 0}",guillerdorron rt bbk_eus finaliza jornada presentaciÃ³n ediciÃ³n #bbkbootcamps ğŸ‘ eskerrik asko gurera gerturatu zareten guztioi construye carrera sector digital â© s///wbqjsfv bbk ğŸ¤ thebridge_tech s///teliiim,0,0,0,0,0,30,11,2022
31,146406912,2022-11-30 15:55:34+00:00,['1597982677675778048'],1597982677675778048,"{'impression_count': 0, 'like_count': 0, 'quote_count': 0, 'reply_count': 0, 'retweet_count': 0}",guillerdorron rt bbk_eus #bbkbootcamps | ğŸ—£ guillermo dorronso management advisory board zabala_ic â¤µï¸ bbk ğŸ¤ thebridge_tech s///yeduzwtna,0,0,0,0,0,30,11,2022
32,1951117790,2022-11-30 12:39:00+00:00,['1597933210767433732'],1597933210767433732,"{'impression_count': 0, 'like_count': 9, 'quote_count': 0, 'reply_count': 0, 'retweet_count': 5}",open day #bilbao #bootcam ğŸ—“ï¸ // â° ğŸ“ bbk_kuna ğŸ—£ï¸jorgegrev by thebridge_tech s///oxclzdvm bbknetwork ğŸ·ï¸#bbkbootcamps #bizkaia #fullstack #data #ux #ciberseguridad,0,9,0,0,5,30,11,2022
33,702077405045899264,2022-11-30 09:45:27+00:00,['1597889537627283456'],1597889537627283456,"{'impression_count': 0, 'like_count': 5, 'quote_count': 3, 'reply_count': 0, 'retweet_count': 3}",#bbkbootcamps | ğŸ—£ guillermo dorronso management advisory board zabala_ic â¤µï¸ bbk ğŸ¤ thebridge_tech s///ablutidln,0,5,3,0,3,30,11,2022
34,702077405045899264,2022-11-30 09:45:04+00:00,['1597889440789282817'],1597889440789282817,"{'impression_count': 0, 'like_count': 5, 'quote_count': 1, 'reply_count': 0, 'retweet_count': 2}",finaliza jornada presentaciÃ³n ediciÃ³n #bbkbootcamps ğŸ‘ eskerrik asko gurera gerturatu zareten guztioi construye carrera sector digital â© s///pqjwocmmpo bbk ğŸ¤ thebridge_tech s///dfhwwn,0,5,1,0,2,30,11,2022
35,702077405045899264,2022-11-30 09:43:54+00:00,['1597889145497653249'],1597889145497653249,"{'impression_count': 0, 'like_count': 4, 'quote_count': 1, 'reply_count': 0, 'retweet_count': 2}",#bbkbootcamps | ğŸ—£ ramÃ³n lozano director tecnologÃ­a zucchettispain â¤µï¸ bbk ğŸ¤ thebridge_tech s///hifetzi,0,4,1,0,2,30,11,2022
36,702077405045899264,2022-11-30 09:33:32+00:00,['1597886536896450562'],1597886536896450562,"{'impression_count': 0, 'like_count': 3, 'quote_count': 0, 'reply_count': 0, 'retweet_count': 1}",ğŸ—£ tomÃ¡s iriondo clustergaia -ko ceo #eteari lagundu behar diogu eta horretarako #talentua sortu behar dugu horrelako ekimenak hala nola #bbkbootcamp -ak idealak dira bbk ğŸ¤ thebridge_tech s///aejsndqvhb,0,3,0,0,1,30,11,2022
37,702077405045899264,2022-11-30 09:32:30+00:00,['1597886276056776704'],1597886276056776704,"{'impression_count': 0, 'like_count': 4, 'quote_count': 0, 'reply_count': 0, 'retweet_count': 3}",ğŸ—£ tomÃ¡s iriondo ceo clustergaia ayudar #pyme necesitamos crear #talento sentido tipo iniciativas #bbkbootcamps ideales bbk ğŸ¤ thebridge_tech s///cvrncgje,0,4,0,0,3,30,11,2022
38,702077405045899264,2022-11-30 09:09:45+00:00,['1597880551578419201'],1597880551578419201,"{'impression_count': 0, 'like_count': 4, 'quote_count': 0, 'reply_count': 0, 'retweet_count': 2}",ğŸ¤” zer dira bbk eta thebridge_tech -en #bbkbootcamps -ak bootcamp metodologia ikastaroak dira full stack web garapenerako datuen zientziarako zibersegurtasunerako eta ux/ui produktuen diseinurako nora sarasolak hobeto kontatzen digu hemen â¤µï¸ s///kqrkyduwtk,0,4,0,0,2,30,11,2022
39,702077405045899264,2022-11-30 09:06:45+00:00,['1597879796121407488'],1597879796121407488,"{'impression_count': 0, 'like_count': 4, 'quote_count': 0, 'reply_count': 0, 'retweet_count': 2}",ğŸ¤” #bbkbootcamps bbk thebridge_tech cursos metodologÃ­a bootcamp desarrollo web full stack #datascience #ciberseguridad diseÃ±o producto ux/ui nora sarasola â¤µï¸ s///bhflsdraz,0,4,0,0,2,30,11,2022
40,702077405045899264,2022-11-30 08:53:19+00:00,['1597876414908432385'],1597876414908432385,"{'impression_count': 0, 'like_count': 3, 'quote_count': 0, 'reply_count': 0, 'retweet_count': 1}",ğŸ—£ iker arcerekin thebridge_tech -eko ceo-a jarraitzen dugu oraingoan munduko gap skill-en eta postu digitalen testuinguru globalena aurkeztuko digu europan eta espainian batik bat #bbkbootcamps bat_tower s///jxyivkgg,0,3,0,0,1,30,11,2022
41,702077405045899264,2022-11-30 08:51:00+00:00,['1597875833699459072'],1597875833699459072,"{'impression_count': 0, 'like_count': 3, 'quote_count': 0, 'reply_count': 0, 'retweet_count': 2}",ğŸ—£ continuamos iker arce ceo thebridge_tech presenta contexto global gap skills puestos digitales datos mundo #europa marco comparado #espaÃ±a #bbkbootcamps bat_tower s///jmeahyb,0,3,0,0,2,30,11,2022
42,702077405045899264,2022-11-30 08:43:35+00:00,['1597873965812285440'],1597873965812285440,"{'impression_count': 0, 'like_count': 3, 'quote_count': 0, 'reply_count': 0, 'retweet_count': 1}",ğŸ—£ nora sarasolak bbk-ko gizarte ekintzako zuzendariak hasiera eman jardunaldiari #euskadi -ra talentuaren erronka ekarriz industriarentzat gizarteratze digitalarentzat bbk ğŸ¤ thebridge_tech #bbkbootcamps s///zqdjdow,0,3,0,0,1,30,11,2022
43,702077405045899264,2022-11-30 08:41:37+00:00,['1597873472679694336'],1597873472679694336,"{'impression_count': 0, 'like_count': 5, 'quote_count': 0, 'reply_count': 0, 'retweet_count': 1}",ğŸ—£ nora sarasola directora obra social bbk comienzo jornada presentaciÃ³n #bbkbootcamps trayendo #euskadi reto talento industria inclusiÃ³n social digital bbk ğŸ¤ thebridge_tech s///oralvemq,0,5,0,0,1,30,11,2022
44,702077405045899264,2022-11-30 08:25:38+00:00,['1597869451222913027'],1597869451222913027,"{'impression_count': 0, 'like_count': 2, 'quote_count': 0, 'reply_count': 0, 'retweet_count': 0}",â˜•ï¸ğŸ¥ jardunaldia enpresentzako gosariarekin hasi bat_tower -ean eraiki zure karrera sektore digitalean #bbkbootcamps -en edizio berri honekin bbk ğŸ¤ thebridge_tech s///vilvbvxdul,0,2,0,0,0,30,11,2022
45,702077405045899264,2022-11-30 08:21:21+00:00,['1597868371663519744'],1597868371663519744,"{'impression_count': 0, 'like_count': 2, 'quote_count': 0, 'reply_count': 0, 'retweet_count': 2}",â˜•ï¸ğŸ¥ comienza jornada desayuno empresas construye carrera sector digital ediciÃ³n #bbkbootcamps bbk ğŸ¤ thebridge_tech s///orynrfuki,0,2,0,0,2,30,11,2022
46,702077405045899264,2022-11-30 08:13:41+00:00,['1597866442841628672'],1597866442841628672,"{'impression_count': 0, 'like_count': 2, 'quote_count': 0, 'reply_count': 0, 'retweet_count': 1}",ğŸ”› aurkezpen eguna thebridge_tech eta #bbk -k indarrak batu ditugu #bbkbootcamps -en edizio berri honetan ğŸ’» ikasi gaur etorkizuneko lanbideak s///jcqhmgz,0,2,0,0,1,30,11,2022
47,702077405045899264,2022-11-30 08:10:23+00:00,['1597865610167439362'],1597865610167439362,"{'impression_count': 0, 'like_count': 4, 'quote_count': 0, 'reply_count': 0, 'retweet_count': 2}",ğŸ”› presentaciÃ³n thebridge_tech #bbk unimos fuerzas presentaros ediciÃ³n #bbkbootcamps ğŸ’» aprende profesiones futuro s///nyobnca,0,4,0,0,2,30,11,2022
48,378449449,2022-11-29 16:21:33+00:00,['1597626830764511232'],1597626830764511232,"{'impression_count': 0, 'like_count': 3, 'quote_count': 0, 'reply_count': 0, 'retweet_count': 1}",jueves diciembre bbk_kuna #bilbao presentan bbk #bootcamps by thebridge_tech especialidades #fullstack #ciberseguridad #dataanalyst #ciberseguridad inscrÃ­bete evento networking ğŸ»s///hldfpavr,0,3,0,0,1,29,11,2022
49,2402179123,2022-11-29 16:18:50+00:00,['1597626145289428992'],1597626145289428992,"{'impression_count': 0, 'like_count': 1, 'quote_count': 0, 'reply_count': 0, 'retweet_count': 0}",jueves diciembre bbk_kuna #bilbao presentan bbk #bootcamps by thebridge_tech especialidades #fullstack #ciberseguridad #dataanalyst #ciberseguridad inscÃ­bete evento networking ğŸ» s///oymlpssx,0,1,0,0,0,29,11,2022
50,1162694149956603904,2022-11-29 10:49:52+00:00,['1597543359220183040'],1597543359220183040,"{'impression_count': 0, 'like_count': 3, 'quote_count': 0, 'reply_count': 0, 'retweet_count': 3}",quieres #bootcamp #desarrollowebfullstack formacion_fuc thebridge_tech ğŸ¤—Â¡ven sesiÃ³n informativa ğŸ“… diciembre â°h ğŸ“ campus puerta toledo online entradas ğŸŸ s///tzlpkuc Â¡resolveremos dudasğŸ˜‰ s///vjvarhxbff,0,3,0,0,3,29,11,2022
51,137698811,2022-11-29 10:31:58+00:00,['1597538855539789825'],1597538855539789825,"{'impression_count': 0, 'like_count': 2, 'quote_count': 1, 'reply_count': 0, 'retweet_count': 1}",ismsforum cyber_madrid invitan i congreso #ciberseguridad #pymes ğŸ“… diciembre presencial pÂº recoletos madrid sede thebridge_tech ğŸ•¤ h h inscrÃ­bete gratis cÃ³digo iconcibermad ğŸ‘‡ğŸ‘‡ğŸ‘‡ s///quskycufg s///fuucxzy,0,2,1,0,1,29,11,2022
52,2402179123,2022-11-29 07:18:02+00:00,['1597490049087520769'],1597490049087520769,"{'impression_count': 0, 'like_count': 5, 'quote_count': 0, 'reply_count': 0, 'retweet_count': 5}",â˜• miÃ©rcoles nov bat_tower desayuno urgencia cerrar brecha #talento digital #euskadi â¡ s///igsslhtr ğŸ» jueves dic bbk_kuna open day bbk #bootcamps by thebridge_tech â¡ s///zfkrfwmymm,0,5,0,0,5,29,11,2022
53,1162694149956603904,2022-11-28 14:17:28+00:00,['1597233215789355009'],1597233215789355009,"{'impression_count': 0, 'like_count': 1, 'quote_count': 0, 'reply_count': 0, 'retweet_count': 1}",Ã¡lvaro querÃ­a reorientar carrera #uxuidesign ğŸ¤³ buscaba rÃ¡pido enfocado usuario encontrÃ³ #bootcamp #uxuiproductdesign thebridge_tech meses trabajando sector ğŸ™Œ Â¡gracias Ã¡lvaro contar experiencia s///sqcqeppo,0,1,0,0,1,28,11,2022
54,1407291884901482496,2022-11-28 08:12:55+00:00,['1597141474600050690'],1597141474600050690,"{'impression_count': 0, 'like_count': 2, 'quote_count': 0, 'reply_count': 0, 'retweet_count': 1}",cyber_madrid organiza i congreso #ciberseguridad #pymes ğŸ“… diciembre ğŸ™ modalidad presencial ğŸ¢ palacio lÃ³pez-dÃ³riga pÂº recoletos madrid sede thebridge_tech ğŸ•¤h h inscrÃ­bete aforo limitado ğŸ‘‡ğŸ‘‡ğŸ‘‡ s///khnfpju s///qilhezvv,0,2,0,0,1,28,11,2022
55,823470817963032576,2022-11-24 12:15:15+00:00,['1595752907684843520'],1595752907684843520,"{'impression_count': 0, 'like_count': 4, 'quote_count': 0, 'reply_count': 0, 'retweet_count': 3}",ğŸ”µacelera carrera digital #bbkbootcamps gracias colaboraciÃ³n bbk_eus thebridge_tech podrÃ¡s formarte mejores profesionales lograr trabajo proyecciÃ³n ğŸ”—elige curso s///rxicpzjn #ux #developers #ciberseguridad #datascience,0,4,0,0,3,24,11,2022
56,1162694149956603904,2022-11-23 10:13:36+00:00,['1595359906747617280'],1595359906747617280,"{'impression_count': 0, 'like_count': 3, 'quote_count': 0, 'reply_count': 0, 'retweet_count': 4}",Â¡ven bbk bootcamps powered by thebridge_tech bbk_eus open dayğŸ¤— ğŸ“… dic â° ğŸ“ bbk_kuna urazurrutia kalea bilbao Â¡lÃ¡nzate carrera digital ğŸŸentradas s///nbgxwjsyce #uxui #ciber #desarrollowebfullstack #datascience s///kfsgffomb,0,3,0,0,4,23,11,2022
57,783248945761910788,2022-11-22 08:18:42+00:00,['1594968601265586178'],1594968601265586178,"{'impression_count': 0, 'like_count': 3, 'quote_count': 0, 'reply_count': 1, 'retweet_count': 1}",acelerando juntos #talentodigital espaÃ±a noviembre #ceo juan zamora presentarÃ¡ hopla instalaciones thebridge_tech h contaremos desarrollar #carrerarofesional fructÃ­fera s///sweuswiq,0,3,0,1,1,22,11,2022
58,702077405045899264,2022-11-22 08:05:10+00:00,['1594965197613322241'],1594965197613322241,"{'impression_count': 0, 'like_count': 2, 'quote_count': 0, 'reply_count': 0, 'retweet_count': 1}",ikasi gaur etorkizuneko lanbideak izena eman #bbkbootcamp -ean â© s///xvmekbcmq thebridge_tech -ekin batera full stack web garapena data science zibersegurtasuna eta ux ui produktu digitalaren diseinuari buruz ikasteko aukera izango duzu s///oxeoxosa,0,2,0,0,1,22,11,2022
59,702077405045899264,2022-11-22 08:01:31+00:00,['1594964278238654471'],1594964278238654471,"{'impression_count': 0, 'like_count': 2, 'quote_count': 0, 'reply_count': 0, 'retweet_count': 2}",aprende profesiones futuro Â¡inscrÃ­bete #bbkbootcamp â© s///ujcckobkpz thebridge_tech podrÃ¡s aprender desarrollo web full stack data science ciberseguridad diseÃ±o producto digital ux ui s///wdbmrphsax,0,2,0,0,2,22,11,2022
60,936539844079218688,2023-03-07 17:16:14+00:00,['1633154604018876416'],1633154604018876416,"{'impression_count': 357, 'like_count': 8, 'quote_count': 1, 'reply_count': 0, 'retweet_count': 3}",Â¡hola #dataholics primavera trompetera siente esquinasğŸŒ¼y celebrarlo organizando ediciÃ³n #databeers Â¡y ğŸ“…jueves / ğŸ“ sngular #sevilla ğŸ» by opensistemas thebridge_tech Â¡inscrÃ­bete s///fkqnzzem,357,8,1,0,3,7,3,2023
61,1585726199485140993,2023-03-06 10:38:30+00:00,['1632692123412594688'],1632692123412594688,"{'impression_count': 31, 'like_count': 0, 'quote_count': 0, 'reply_count': 0, 'retweet_count': 0}",inscripciones realizarÃ¡n eventbrite duda md correo infoesoliupoes s///xhvrvxcf epsupo thebridge_tech,31,0,0,0,0,6,3,2023
62,1585726199485140993,2023-03-06 10:38:30+00:00,['1632692120719859712'],1632692120719859712,"{'impression_count': 950, 'like_count': 5, 'quote_count': 1, 'reply_count': 1, 'retweet_count': 3}",Â¡por publicar cartel ponentes #cybersectalks estÃ¡s interesadx temÃ¡ticas aparecen dudes venir totalmente gratuito gracias patrocinio thebridge_tech colaboraciÃ³n epsupo pablodeolavide + info abajo s///jfmdgmxc,950,5,1,1,3,6,3,2023
63,41545659,2023-03-06 08:48:56+00:00,['1632664546665025536'],1632664546665025536,"{'impression_count': 90, 'like_count': 3, 'quote_count': 0, 'reply_count': 0, 'retweet_count': 1}",encuentro mlopscommunity madrid mlops trincheras s///chojeasij thebridge_tech ven prÃ¡ctica #mlops correcto busuu wallapop s///odiecauhu,90,3,0,0,1,6,3,2023
64,925597948410580993,2023-03-04 22:32:56+00:00,['1632147141224275970'],1632147141224275970,"{'impression_count': 35, 'like_count': 1, 'quote_count': 0, 'reply_count': 0, 'retweet_count': 0}",nodosenlared snowded thebridge_tech foto cÃ­rculo bellas artes,35,1,0,0,0,4,3,2023
65,276656109,2023-03-04 14:08:54+00:00,['1632020293509083137'],1632020293509083137,"{'impression_count': 28, 'like_count': 2, 'quote_count': 0, 'reply_count': 0, 'retweet_count': 0}",paumugarra tonidorta thebridge_tech s///qvoryci,28,2,0,0,0,4,3,2023
66,1003872445,2023-03-04 11:22:58+00:00,['1631978537904222211'],1631978537904222211,"{'impression_count': 1068, 'like_count': 9, 'quote_count': 1, 'reply_count': 1, 'retweet_count': 3}",meetup jueves marzo tonidorta realizarÃ¡ finalmente thebridge_tech ğŸ˜„ sentimos tremendamente agradecidos generosidad Â¡nos vemos jueves,1068,9,1,1,3,4,3,2023
67,763727449,2023-03-03 15:13:49+00:00,['1631674245896982528'],1631674245896982528,"{'impression_count': 10, 'like_count': 0, 'quote_count': 0, 'reply_count': 0, 'retweet_count': 0}",estupenda mochila gadgets pasar rampup #bootcamp desarrollo web gracias thebridge_tech detalle ğŸ˜±ğŸ§‘â€ğŸ’» #fullstackdeveloper s///nybjtbhh,10,0,0,0,0,3,3,2023
68,1207228796593745920,2023-03-03 10:26:54+00:00,['1631602040739713024'],1631602040739713024,"{'impression_count': 45, 'like_count': 0, 'quote_count': 0, 'reply_count': 0, 'retweet_count': 0}",rperezmarco biintuesday_ thebridge_tech ğŸ‘‡ğŸ‘‡ s///ompuffhhv,45,0,0,0,0,3,3,2023
69,1207228796593745920,2023-03-03 10:22:22+00:00,['1631600898777444354'],1631600898777444354,"{'impression_count': 442, 'like_count': 11, 'quote_count': 1, 'reply_count': 0, 'retweet_count': 4}",publicado meetup biintuesday_ marzo pm thebridge_tech interesante aplicaciones biin agram project crea aplicaciones necesidad cÃ³digo stack tecnologÃ­as biin s///nqucxipph,442,11,1,0,4,3,3,2023
70,1207228796593745920,2023-03-03 06:54:01+00:00,['1631548465649008640'],1631548465649008640,"{'impression_count': 73, 'like_count': 0, 'quote_count': 0, 'reply_count': 0, 'retweet_count': 0}",rperezmarco biintuesday_ thebridge_tech espero digan comunique ğŸ˜¬ğŸ˜¬ s///rfmxwrlo,73,0,0,0,0,3,3,2023
71,2603024598,2023-03-03 05:33:19+00:00,['1631528154744406018'],1631528154744406018,"{'impression_count': 182, 'like_count': 2, 'quote_count': 0, 'reply_count': 2, 'retweet_count': 0}",decentralized_b biintuesday_ thebridge_tech suspense miniscript,182,2,0,2,0,3,3,2023
72,1207228796593745920,2023-03-02 10:44:35+00:00,['1631244101902270464'],1631244101902270464,"{'impression_count': 2331, 'like_count': 21, 'quote_count': 1, 'reply_count': 2, 'retweet_count': 11}",marzo meetup madrid biintuesday_ hablar proyecto interesante desarrollos biin pasarÃ¡n detalles reservando hora pm thebridge_tech,2331,21,1,2,11,2,3,2023
73,1099588676181471233,2023-03-01 07:24:05+00:00,['1630831255922114562'],1630831255922114562,"{'impression_count': 12, 'like_count': 0, 'quote_count': 0, 'reply_count': 0, 'retweet_count': 0}",thebridge_tech vacolba interesante,12,0,0,0,0,1,3,2023
74,67324480,2023-02-28 10:24:35+00:00,['1630514293870321670'],1630514293870321670,"{'impression_count': 7, 'like_count': 0, 'quote_count': 0, 'reply_count': 0, 'retweet_count': 0}",thebridge_tech product marketing specialist online the bridge | digital talent accelerator madrid - â‚¬ s///nsucekpz,7,0,0,0,0,28,2,2023
75,1685197165,2023-02-17 13:30:41+00:00,['1626574858590076928'],1626574858590076928,"{'impression_count': 58, 'like_count': 2, 'quote_count': 0, 'reply_count': 0, 'retweet_count': 0}",urdulizftef estileon workinlansummit thebridge_tech bbk_eus psebizkaia josebamondarain grupo_ssi socialistavasco psebilbao mtzgra elcorreo_alava elcorreo_com metxebarria_vg mjgutierrez_upv nora_abete landpto aranglez ararteko instagram fotografÃ­as publicadas #workinlan puedes verlas pantalla ğŸ‘€ ğŸ“¸ s///jsanibv,58,2,0,0,0,17,2,2023
76,1685197165,2023-02-17 13:28:00+00:00,['1626574185572040705'],1626574185572040705,"{'impression_count': 53, 'like_count': 2, 'quote_count': 0, 'reply_count': 1, 'retweet_count': 0}",urdulizftef estileon workinlansummit thebridge_tech bbk_eus psebizkaia josebamondarain grupo_ssi socialistavasco psebilbao mtzgra elcorreo_alava elcorreo_com metxebarria_vg mjgutierrez_upv nora_abete landpto aranglez ararteko victoria bilbao alcalÃ¡ henares acompaÃ±ado mÃ©xico ğŸ‡²ğŸ‡½ #workinlan s///adhaeh,53,2,0,1,0,17,2,2023
77,1685197165,2023-02-17 13:26:43+00:00,['1626573861423575040'],1626573861423575040,"{'impression_count': 52, 'like_count': 2, 'quote_count': 0, 'reply_count': 1, 'retweet_count': 0}",urdulizftef estileon workinlansummit thebridge_tech bbk_eus psebizkaia josebamondarain grupo_ssi socialistavasco psebilbao mtzgra elcorreo_alava elcorreo_com metxebarria_vg mjgutierrez_upv nora_abete landpto aranglez ararteko superan ğŸ’¯ tuits gracias ayuda cuentas animaron publicar #ï¸âƒ£ #workinlan s///jzhqtwyyw,52,2,0,1,0,17,2,2023
78,1685197165,2023-02-17 13:25:58+00:00,['1626573673527234560'],1626573673527234560,"{'impression_count': 72, 'like_count': 2, 'quote_count': 0, 'reply_count': 1, 'retweet_count': 0}",urdulizftef estileon workinlansummit thebridge_tech bbk_eus psebizkaia josebamondarain grupo_ssi socialistavasco psebilbao mtzgra elcorreo_alava elcorreo_com interacciones teniendo comunidades siguientes cuentas copan top #workinlan ğŸ† s///gsdzlvl,72,2,0,1,0,17,2,2023
79,1685197165,2023-02-17 13:23:22+00:00,['1626573019844907008'],1626573019844907008,"{'impression_count': 51, 'like_count': 0, 'quote_count': 0, 'reply_count': 1, 'retweet_count': 0}",urdulizftef estileon workinlansummit thebridge_tech bbk_eus finaliza #workinlan participaciÃ³n twitter queda ğŸ’ª s///lccbyugi,51,0,0,1,0,17,2,2023
80,1288769305014939650,2023-02-16 17:07:33+00:00,['1626267048434192385'],1626267048434192385,"{'impression_count': 605, 'like_count': 10, 'quote_count': 0, 'reply_count': 1, 'retweet_count': 5}",estileon responsable campus #urdulizftef participando mesa redonda - formatos formaciÃ³n workinlansummit compartimos mesa bbk bootcamps by thebridge_tech ied kunsthalbilbao bbk_eus #workinlan #bizkaia #educaciÃ³n s///iuzyqlflz,605,10,0,1,5,16,2,2023
81,1003872445,2023-02-16 09:51:54+00:00,['1626157411085033472'],1626157411085033472,"{'impression_count': 243, 'like_count': 4, 'quote_count': 0, 'reply_count': 1, 'retweet_count': 0}",cpsers confirmar tercer meetup comunidad #cps madrid thebridge_tech agradecemos enormemente generosidad espacio esperamos miÃ©rcoles viene pd quedan plazas estÃ¡is tiempo apuntaros,243,4,0,1,0,16,2,2023
82,1099588676181471233,2023-02-16 06:07:55+00:00,['1626101043908993026'],1626101043908993026,"{'impression_count': 28, 'like_count': 1, 'quote_count': 0, 'reply_count': 0, 'retweet_count': 0}",thebridge_tech vacolba andresmacariog interesante,28,1,0,0,0,16,2,2023
83,1530194743786881024,2023-02-15 11:06:22+00:00,['1625813763751305216'],1625813763751305216,"{'impression_count': 762, 'like_count': 10, 'quote_count': 0, 'reply_count': 1, 'retweet_count': 2}",gracias amigos thebridge_tech acogernos ayer flexible tenÃ©is equipo adorable madrid â™¥ï¸ genial pasar san valentÃ­n hablando #biin ğŸ™ s///naydhuuv,762,10,0,1,2,15,2,2023
84,4899284631,2023-02-13 13:36:10+00:00,['1625126689150738438'],1625126689150738438,"{'impression_count': 204, 'like_count': 2, 'quote_count': 1, 'reply_count': 0, 'retweet_count': 0}",compartimos mini resumen Âº encuentro #reinventadxs anunciamos entramos regresiva Âº apÃºntate fecha marzo vemos #madrid gracias thebridge_tech milmadrid_ vemos #mytechplan s///zfwzznrw,204,2,1,0,0,13,2,2023
85,106344840,2023-02-07 09:51:05+00:00,['1622895716291997696'],1622895716291997696,"{'impression_count': 421, 'like_count': 6, 'quote_count': 0, 'reply_count': 0, 'retweet_count': 2}",Â¡nuevo taller #empleabilidad #sevilla infojobs ğŸ’¼ Â¡en encamarasevilla abordaremos #oportunidadeslaborales sector digital ğŸ“ febrero h campus camaradesevilla thebridge_tech infoâ¤µï¸ s///fflavdbf s///xuqeenbpzi,421,6,0,0,2,7,2,2023
86,1288769305014939650,2023-02-06 19:39:50+00:00,['1622681492622127104'],1622681492622127104,"{'impression_count': 52, 'like_count': 3, 'quote_count': 0, 'reply_count': 0, 'retweet_count': 0}",globalgamejam #urdulizftef organizado colaboraciÃ³n digipenbilbao bbk bootcamps by thebridge_tech jammers h non stop quieres eventazo visita web ğŸ‘‰ s///vtltfryt #ggjftef #ggj #videogames #hackathon s///kbrufyatq,52,3,0,0,0,6,2,2023
87,2611663910,2023-02-03 06:32:08+00:00,['1621396098936864768'],1621396098936864768,"{'impression_count': 275, 'like_count': 2, 'quote_count': 0, 'reply_count': 1, 'retweet_count': 1}",placer asistir ayer taller ux/ui - maximizar valor usuario impartido edemempresarios thebridge_tech miriam sÃ¡nchez muÃ±oz ğŸ‘ğŸ‘ğŸ‘ s///sgpefjmyq,275,2,0,1,1,3,2,2023
88,1065627197115981824,2023-02-02 17:38:37+00:00,['1621201435483426820'],1621201435483426820,"{'impression_count': 80, 'like_count': 1, 'quote_count': 0, 'reply_count': 0, 'retweet_count': 0}",inicia masterclass #datascience #ia gobernarlos thebridge_tech bbk_kuna bbk_eus #ai #chatgpt #nlp s///ffdrndsetk,80,1,0,0,0,2,2,2023
89,2218313375,2023-02-02 17:37:03+00:00,['1621201042368086017'],1621201042368086017,"{'impression_count': 30, 'like_count': 0, 'quote_count': 0, 'reply_count': 0, 'retweet_count': 0}",masterclass data science bootcamps bbk powered by thebridge_tech #artificalintelligence #chatgpt s///mefhlgk,30,0,0,0,0,2,2,2023
90,10279282,2023-02-02 17:32:09+00:00,['1621199810345705473'],1621199810345705473,"{'impression_count': 50, 'like_count': 0, 'quote_count': 0, 'reply_count': 1, 'retweet_count': 0}",ia gobernarlos thebridge_tech s///csexeljxzf,50,0,0,1,0,2,2,2023
91,112458375,2023-02-02 09:46:33+00:00,['1621082634943365120'],1621082634943365120,"{'impression_count': 118, 'like_count': 4, 'quote_count': 0, 'reply_count': 0, 'retweet_count': 2}",interesantÃ­sima jornada #proptechthursdays thefringelabs davidhueso #propper #hanok casafarire intrumes thebridge_tech s///vawjptbnj,118,4,0,0,2,2,2,2023
92,207894341,2023-02-02 09:41:59+00:00,['1621081485695385601'],1621081485695385601,"{'impression_count': 416, 'like_count': 3, 'quote_count': 0, 'reply_count': 0, 'retweet_count': 3}",unido edemempresarios thebridge_tech fomentar formaciÃ³n disciplinas digitales ğŸ’» ofrecemos paquetes ayudas estudiar bootcamps impartidos valencia vienes ğŸ‘‰ğŸ¼ s///hoewfqyen s///ykfkwxmtmq,416,3,0,0,3,2,2,2023
93,2402179123,2023-02-02 08:44:00+00:00,['1621066894093733889'],1621066894093733889,"{'impression_count': 226, 'like_count': 6, 'quote_count': 0, 'reply_count': 0, 'retweet_count': 4}",bbk_kuna ğŸ§ ğŸ¤– masterclass inteligencia artificial #chatgpt ias explicaremos #bootcamp #datascience #bilbao bbknetwork bbk_eus thebridge_tech s///jigdrdvprf s///cbgykbdtnm,226,6,0,0,4,2,2,2023
94,4899284631,2023-02-01 10:56:22+00:00,['1620737818967576577'],1620737818967576577,"{'impression_count': 33, 'like_count': 2, 'quote_count': 0, 'reply_count': 0, 'retweet_count': 0}",yenito_ milmadrid_ ari_reinventada gobuub thebridge_tech madridinnova puerta_inno lanavemadrid madrid vemos ğŸ˜Š,33,2,0,0,0,1,2,2023
95,1068424025356021760,2023-01-31 17:39:02+00:00,['1620476763989250048'],1620476763989250048,"{'impression_count': 35, 'like_count': 2, 'quote_count': 0, 'reply_count': 0, 'retweet_count': 0}",yenito_ milmadrid_ gobuub thebridge_tech my_tech_plan madridinnova puerta_inno lanavemadrid madrid vemos ahÃ­ğŸ˜ŠğŸ˜Š,35,2,0,0,0,31,1,2023
96,1437857235036786693,2023-01-31 17:35:11+00:00,['1620475795100831746'],1620475795100831746,"{'impression_count': 45, 'like_count': 3, 'quote_count': 0, 'reply_count': 2, 'retweet_count': 0}",milmadrid_ ari_reinventada gobuub thebridge_tech my_tech_plan madridinnova puerta_inno lanavemadrid madrid interesante apuntÃ©,45,3,0,2,0,31,1,2023
97,55539458,2023-01-30 09:45:55+00:00,['1619995313510711296'],1619995313510711296,"{'impression_count': 4, 'like_count': 0, 'quote_count': 0, 'reply_count': 0, 'retweet_count': 0}",nodosenlared snowded thebridge_tech check my books related to this post please share s///xvwvdeqz,4,0,0,0,0,30,1,2023
98,550417439,2023-01-28 07:30:07+00:00,['1619236364343513088'],1619236364343513088,"{'impression_count': 969, 'like_count': 5, 'quote_count': 0, 'reply_count': 0, 'retweet_count': 1}",recordamos tb patrocinadoras platino comprometidas minuto cero evento enorme ğŸ¥° plainconcepts lifullconneng bbk_eus by thebridge_tech kudos bilbao_udala bilbaoekintza patrocinador principal s///bsxwerkkgd,969,5,0,0,1,28,1,2023
99,1101664008,2023-01-27 16:06:53+00:00,['1619004022673018880'],1619004022673018880,"{'impression_count': 124, 'like_count': 1, 'quote_count': 0, 'reply_count': 1, 'retweet_count': 1}",jorgegrev was one of the reasons i got into community has built countless communities/initiatives brought tons of new folks into the ecosystem he's currently rocking the bbk_eus bootcamp with thebridge_tech helping unemployed people learn tech s///mqxohv,124,1,0,1,1,27,1,2023
100,550417439,2023-01-27 16:00:08+00:00,['1619002323685998595'],1619002323685998595,"{'impression_count': 511, 'like_count': 2, 'quote_count': 0, 'reply_count': 0, 'retweet_count': 0}",Â¡estudia paga encuentres trabajo conviÃ©rtete experto digital #bootcamps bbk_eus by thebridge_tech ğŸ‘©â€ğŸ’» formato full time part time tardes presencial hÃ­brido Â¡tÃº decides info â¡ s///evjkiyzh,511,2,0,0,0,27,1,2023
101,1455515154133786625,2023-01-27 14:08:51+00:00,['1618974318062624770'],1618974318062624770,"{'impression_count': 99, 'like_count': 3, 'quote_count': 0, 'reply_count': 0, 'retweet_count': 0}",ğŸ¤ğŸ» placer aportar granito arena #bootcamp thebridge_tech gracias asistentes acogida ultimando detalles guÃ­a empleo tengÃ¡is disponible mes febrero ğŸ“ŒğŸ Â¡nos vemos prontoğŸ˜ s///cltrmunob,99,3,0,0,0,27,1,2023
102,550417439,2023-01-27 11:15:00+00:00,['1618930569097748481'],1618930569097748481,"{'impression_count': 328, 'like_count': 1, 'quote_count': 0, 'reply_count': 0, 'retweet_count': 0}",buscan personas cambiar vida ğŸ˜listo dale giro carrera entrÃ©nate profesiones demandas bootcamps bbk_eus by thebridge_tech ğŸš€ quieres â¡ s///evjkiyzh,328,1,0,0,0,27,1,2023
103,1598663768136884225,2023-01-26 19:45:31+00:00,['1618696655397863424'],1618696655397863424,"{'impression_count': 4, 'like_count': 0, 'quote_count': 0, 'reply_count': 0, 'retweet_count': 0}",nodosenlared snowded thebridge_tech s///xfhxuzh,4,0,0,0,0,26,1,2023
104,1455515154133786625,2023-01-26 15:37:10+00:00,['1618634157013467136'],1618634157013467136,"{'impression_count': 118, 'like_count': 4, 'quote_count': 0, 'reply_count': 0, 'retweet_count': 2}",ğŸ“Œ enero placer participar bootcamp thebridge_tech coo javiercadierno hablarÃ¡ empleabilidad marco actual ğŸ novedad presentaremos guÃ­a empleo disponible febrero Â¡nos vemosâœŒğŸ»,118,4,0,0,2,26,1,2023
105,1524905248007114783,2023-01-26 15:23:40+00:00,['1618630761564995585'],1618630761564995585,"{'impression_count': 9, 'like_count': 0, 'quote_count': 0, 'reply_count': 0, 'retweet_count': 0}",nodosenlared snowded thebridge_tech religiÃ³n,9,0,0,0,0,26,1,2023
106,106344840,2023-01-26 12:58:57+00:00,['1618594341152522243'],1618594341152522243,"{'impression_count': 197, 'like_count': 3, 'quote_count': 0, 'reply_count': 0, 'retweet_count': 0}",ğŸ¯te gustarÃ­a acelerar #talento digital Â¡descubre ventajas oportunidades ofrecen #bootcamps encamarasevilla thebridge_tech celebran #sevilla ğŸ•hoy hâ¡ï¸Â¡todavÃ­a estÃ¡s tiempo lanzar futuro info s///ujdyhse s///rsbnvapy,197,3,0,0,0,26,1,2023
107,41545659,2023-01-24 20:44:09+00:00,['1617986634817105922'],1617986634817105922,"{'impression_count': 163, 'like_count': 3, 'quote_count': 0, 'reply_count': 0, 'retweet_count': 0}",advanced #cynefin estuarine mapping &amp eufg masterclass madrid s///hzsjblfpz | interesados aplicaciÃ³n ciencias complejidad paÃ­s tendremos oportunidad aprender snowded persona // sede thebridge_tech,163,3,0,0,0,24,1,2023
108,3364895487,2023-01-24 14:12:35+00:00,['1617888094166061058'],1617888094166061058,"{'impression_count': 12, 'like_count': 0, 'quote_count': 0, 'reply_count': 0, 'retweet_count': 0}",nodosenlared snowded thebridge_tech s///kguldgbg,12,0,0,0,0,24,1,2023
109,2402179123,2023-01-24 08:03:43+00:00,['1617795268229070848'],1617795268229070848,"{'impression_count': 182, 'like_count': 1, 'quote_count': 2, 'reply_count': 0, 'retweet_count': 1}",ğŸ“…este jueves bbk_kuna #masterclass desarrollo web #fullstack alejandroregex descubre introducirte mundo #programaciÃ³n web gracias #bbkbootcamps bbk_eus thebridge_tech bbknetwork #bilbao â¡ï¸inscripciÃ³n s///kghbys s///joybrrcp,182,1,2,0,1,24,1,2023
110,4899284631,2023-01-23 10:18:56+00:00,['1617466909334638592'],1617466909334638592,"{'impression_count': 45, 'like_count': 1, 'quote_count': 0, 'reply_count': 1, 'retweet_count': 0}",termina charlas podrÃ¡s conocerlos charlar compartiremos caÃ±as ğŸ» haremos networking asistir tendrÃ¡s posibilidad acceder becas especiales partner thebridge_tech,45,1,0,1,0,23,1,2023
111,550417439,2023-01-23 09:34:56+00:00,['1617455834924982272'],1617455834924982272,"{'impression_count': 409, 'like_count': 3, 'quote_count': 0, 'reply_count': 0, 'retweet_count': 1}",aprende profesiones futuro ğŸ‘¨â€ğŸ’» fÃ³rmate #uxuiproductdesign #desarrollowebfullstack #datascience #ciberseguridad bootcamps bbk_eus by thebridge_tech acelera carrera digitalğŸš€ info ğŸ‘‰ s///fmsztzfhld,409,3,0,0,1,23,1,2023
112,1288769305014939650,2023-01-20 17:31:22+00:00,['1616488570008768514'],1616488570008768514,"{'impression_count': 489, 'like_count': 9, 'quote_count': 0, 'reply_count': 0, 'retweet_count': 4}",ğŸ’¥ llega globalgamejam #urdulizftef Ãºnica sede bizkaia evento desarrollo #videojuegos ğŸ® mundo ğŸŒ ğŸ—“ - feb ğŸ“ urduliz colaboraciÃ³n digipenbilbao thebridge_tech bbk_eus âœï¸ inscrÃ­bete gratis s///pvkjnvvv s///ikqgeukeo,489,9,0,0,4,20,1,2023
113,2402179123,2023-01-20 09:17:27+00:00,['1616364270710853641'],1616364270710853641,"{'impression_count': 123, 'like_count': 1, 'quote_count': 0, 'reply_count': 0, 'retweet_count': 1}",â“ #bootcamp tecnologÃ­a previamente aportar perfil tecnolÃ³gico vÃ­deo encontrarÃ¡s respuestas â¡ click cambio s///vlcdwy thebridge_tech bbk_kuna bbk_eus s///bssdnsyl,123,1,0,0,1,20,1,2023
114,91876265,2023-01-19 13:45:11+00:00,['1616069260375195655'],1616069260375195655,"{'impression_count': 251, 'like_count': 5, 'quote_count': 0, 'reply_count': 0, 'retweet_count': 2}",resumen charla ayer vulnerabilidades proceso #cps thebridge_tech s///fuvcoggib,251,5,0,0,2,19,1,2023
115,1003872445,2023-01-19 09:54:51+00:00,['1616011296851300352'],1616011296851300352,"{'impression_count': 861, 'like_count': 4, 'quote_count': 0, 'reply_count': 0, 'retweet_count': 3}",godivaciones recuenco ae_bm thebridge_tech ddamasd Â¡hola marÃ­a comunidad abierta venir quiera solemos anunciar eventos twitter linkedin quieres lleguen avisos correo publicamos evento puedes apuntar grupo s///xoslztk,861,4,0,0,3,19,1,2023
116,1003872445,2023-01-19 09:51:54+00:00,['1616010552110718982'],1616010552110718982,"{'impression_count': 34, 'like_count': 2, 'quote_count': 0, 'reply_count': 0, 'retweet_count': 0}",nudpiedo recuenco godivaciones ae_bm thebridge_tech ddamasd gracias aclaraciÃ³n vÃ­ctor,34,2,0,0,0,19,1,2023
117,7154412,2023-01-18 21:45:55+00:00,['1615827851596505095'],1615827851596505095,"{'impression_count': 159, 'like_count': 4, 'quote_count': 0, 'reply_count': 0, 'retweet_count': 1}",nudpiedo godivaciones ae_bm thebridge_tech ddamasd paumugarra reuniÃ³n fÃ­sica comunidad cps gestiona paumugarra,159,4,0,0,1,18,1,2023
118,866742930,2023-01-18 21:31:09+00:00,['1615824135321526278'],1615824135321526278,"{'impression_count': 128, 'like_count': 3, 'quote_count': 0, 'reply_count': 2, 'retweet_count': 0}",recuenco godivaciones ae_bm thebridge_tech ddamasd paumugarra sobreentiendo refieren s///qjdyaesjyf meetup app gente organiza quedadas temÃ¡ticas gente conoce priori tema mundo quiero cosa,128,3,0,2,0,18,1,2023
119,7154412,2023-01-18 20:34:31+00:00,['1615809886566363136'],1615809886566363136,"{'impression_count': 181, 'like_count': 2, 'quote_count': 0, 'reply_count': 1, 'retweet_count': 0}",godivaciones ae_bm thebridge_tech ddamasd paumugarra,181,2,0,1,0,18,1,2023
120,17287251,2023-01-18 20:25:09+00:00,['1615807528398426126'],1615807528398426126,"{'impression_count': 282, 'like_count': 3, 'quote_count': 0, 'reply_count': 2, 'retweet_count': 0}",recuenco ae_bm thebridge_tech ddamasd cosa cualquiera-cualquiera anunciar sitio â€œla comunidadâ€ afueras comunidad cabemos puedaâ€¦,282,3,0,2,0,18,1,2023
121,17287251,2023-01-18 20:14:43+00:00,['1615804903854641156'],1615804903854641156,"{'impression_count': 75, 'like_count': 1, 'quote_count': 0, 'reply_count': 0, 'retweet_count': 0}",recuenco ae_bm thebridge_tech ddamasd âœŒï¸,75,1,0,0,0,18,1,2023
122,7154412,2023-01-18 20:07:26+00:00,['1615803069970714637'],1615803069970714637,"{'impression_count': 224, 'like_count': 1, 'quote_count': 0, 'reply_count': 2, 'retweet_count': 0}",ae_bm godivaciones thebridge_tech ddamasd abierto comunidad falta alumnos,224,1,0,2,0,18,1,2023
123,141272779,2023-01-18 19:23:29+00:00,['1615792007909199872'],1615792007909199872,"{'impression_count': 150, 'like_count': 2, 'quote_count': 0, 'reply_count': 1, 'retweet_count': 0}",godivaciones recuenco thebridge_tech ddamasd independientes lugar meetup variar,150,2,0,1,0,18,1,2023
124,17287251,2023-01-18 19:16:40+00:00,['1615790291578929185'],1615790291578929185,"{'impression_count': 136, 'like_count': 2, 'quote_count': 0, 'reply_count': 1, 'retweet_count': 0}",ae_bm recuenco thebridge_tech ddamasd pregunto integrado mÃ¡ster colaboraciÃ³n the bridge cosa distinta recordar master cps online estricto,136,2,0,1,0,18,1,2023
125,417307513,2023-01-18 19:01:43+00:00,['1615786531943235599'],1615786531943235599,"{'impression_count': 102, 'like_count': 2, 'quote_count': 0, 'reply_count': 0, 'retweet_count': 0}",godivaciones recuenco thebridge_tech ddamasd charla diana marco comunidad cps abierto apetezca,102,2,0,0,0,18,1,2023
126,141272779,2023-01-18 18:59:29+00:00,['1615785967180201995'],1615785967180201995,"{'impression_count': 138, 'like_count': 1, 'quote_count': 0, 'reply_count': 1, 'retweet_count': 0}",godivaciones recuenco thebridge_tech ddamasd meetup,138,1,0,1,0,18,1,2023
127,17287251,2023-01-18 18:48:45+00:00,['1615783265872510976'],1615783265872510976,"{'impression_count': 612, 'like_count': 1, 'quote_count': 0, 'reply_count': 2, 'retweet_count': 0}",recuenco thebridge_tech ddamasd master cosa,612,1,0,2,0,18,1,2023
128,212364786,2023-01-18 18:23:30+00:00,['1615776913410392065'],1615776913410392065,"{'impression_count': 273, 'like_count': 2, 'quote_count': 0, 'reply_count': 0, 'retweet_count': 0}",mira rectas techo fotos modaquetepario recuenco mÃ¡ster #cps ayude encontrar forma convertir luminarias techo thebridge_tech #madrid sede oficina modaquetepario s///bahlgzs,273,2,0,0,0,18,1,2023
129,1610073819791728640,2023-01-18 18:15:04+00:00,['1615774789850775558'],1615774789850775558,"{'impression_count': 179, 'like_count': 2, 'quote_count': 0, 'reply_count': 0, 'retweet_count': 0}",recuenco thebridge_tech ddamasd suerte,179,2,0,0,0,18,1,2023
130,7154412,2023-01-18 18:06:30+00:00,['1615772633773256706'],1615772633773256706,"{'impression_count': 6600, 'like_count': 35, 'quote_count': 1, 'reply_count': 2, 'retweet_count': 5}",plena meet-up cps thebridge_tech ddamasd s///mkhnohmzw,6600,35,1,2,5,18,1,2023
131,1232105203,2023-01-18 17:11:05+00:00,['1615758687330791424'],1615758687330791424,"{'impression_count': 22, 'like_count': 0, 'quote_count': 0, 'reply_count': 0, 'retweet_count': 0}",thebridge_tech hola intentando entrar videoconferencia enlace funcione,22,0,0,0,0,18,1,2023
132,2402179123,2023-01-17 12:34:14+00:00,['1615326631807291392'],1615326631807291392,"{'impression_count': 124, 'like_count': 2, 'quote_count': 0, 'reply_count': 0, 'retweet_count': 1}",#ğ—³ğ˜‚ğ—¹ğ—¹ğ˜€ğ˜ğ—®ğ—°ğ—¸ ğ—±ğ—²ğ˜ƒğ—²ğ—¹ğ—¼ğ—½ğ—²ğ—¿ gusta ğ—½ğ—¿ğ—¼ğ—´ğ—¿ğ—®ğ—ºğ—®ğ—°ğ—¶ğ—¼Ìğ—» #ğ˜„ğ—²ğ—¯ ğ—±ğ—¶Ìğ—® ğ—²ğ—» bbk_kuna invitamos #masterclass introductoria alejandroregex organizada #bbkbootcamps bbk_eus thebridge_tech s///kghbys,124,2,0,0,1,17,1,2023
133,163586106,2023-01-17 09:27:40+00:00,['1615279680126337025'],1615279680126337025,"{'impression_count': 486, 'like_count': 2, 'quote_count': 1, 'reply_count': 0, 'retweet_count': 0}",ğŸ¯quieres acelerar talento digital Â¡entonces puedes perderte jornada puertas abiertas #bootcamps organiza thebridge_tech Â¡te esperamosâ¤µï¸ ğŸ“sede formaciÃ³n calle isabela ğŸ“… enero h ğŸ“² s///ljxsoayr s///mpvbsqak,486,2,1,0,0,17,1,2023
134,41545659,2023-01-15 13:16:24+00:00,['1614612465769234434'],1614612465769234434,"{'impression_count': 394, 'like_count': 9, 'quote_count': 0, 'reply_count': 0, 'retweet_count': 3}",snowded thebridge_tech taller profundizarÃ¡ empleo hexi method kits s///dtpapmg espaÃ±a kits sirven consolidar mÃ©todos herramientas multidisciplinares aplicarlos problemas mundo real enfoque #anthrocomplexity s///uapgllqoug,394,9,0,0,3,15,1,2023
135,41545659,2023-01-15 13:16:24+00:00,['1614612464657653760'],1614612464657653760,"{'impression_count': 1766, 'like_count': 10, 'quote_count': 0, 'reply_count': 1, 'retweet_count': 5}",snowded thebridge_tech taller avanzado cubre avances marcos desarrollados snowded especial menciÃ³n #estuarine framework s///evhvxgymc opiniÃ³n aportaciÃ³n importante hecha materia #appliedcomplexity s///mucgeywvt,1766,10,0,1,5,15,1,2023
136,41545659,2023-01-15 13:16:23+00:00,['1614612463361695747'],1614612463361695747,"{'impression_count': 225761, 'like_count': 321, 'quote_count': 4, 'reply_count': 7, 'retweet_count': 49}",advanced #cynefin estuarine mapping &amp eufg masterclass madrid s///hzsjbkhar | interesados aplicaciÃ³n ciencias complejidad paÃ­s tendremos oportunidad aprender snowded persona // sede thebridge_tech s///lavcfgyiht,225761,321,4,7,49,15,1,2023
137,2402179123,2023-01-13 08:55:42+00:00,['1613822083259146240'],1613822083259146240,"{'impression_count': 120, 'like_count': 3, 'quote_count': 0, 'reply_count': 0, 'retweet_count': 2}",jornada diseÃ±o producto digital #uxui ayer bbk_kuna impartida josÃ© luis tienza thebridge_tech quedaste ganas tienes #bbkbootcamp s///yoqfgiht s///wehltypx,120,3,0,0,2,13,1,2023
138,2529499620,2023-01-12 12:54:44+00:00,['1613519848339808262'],1613519848339808262,"{'impression_count': 153, 'like_count': 1, 'quote_count': 0, 'reply_count': 0, 'retweet_count': 2}",quieres dedicarte #desarrolloweb Â¡conÃ©ctate sesiÃ³n informativa conoce #bootcamp thebridge_tech ğŸ“† ene â°h ğŸ’»online entrada gratuita ğŸŸ s///yaxcirxz #desarrollowebfullstack #programacionweb #backend #frontend s///fxjsfpxtg,153,1,0,0,2,12,1,2023
139,874916978665938945,2023-01-12 10:20:00+00:00,['1613480908304048132'],1613480908304048132,"{'impression_count': 342, 'like_count': 4, 'quote_count': 0, 'reply_count': 0, 'retweet_count': 1}",ğŸ§ quieres profesional #ciberseguridad diseÃ±o productos ux/ui data science desarrollo #fullstack inscrÃ­bete openday edemempresarios powered by thebridge_tech realizarÃ¡ instalaciones ğŸ¤³ s///nwlmnkfmu,342,4,0,0,1,12,1,2023
140,2402179123,2023-01-12 08:31:28+00:00,['1613453595323645952'],1613453595323645952,"{'impression_count': 151, 'like_count': 2, 'quote_count': 0, 'reply_count': 0, 'retweet_count': 2}",#masterclass #uxui introducciÃ³n diseÃ±o #producto digital jose luis tienza ğŸ• h bbk_kuna urazurrutia kalea #bilbao organiza #bbkbootcamps by the bridge bbk_eus thebridge_tech s///yhhkfmgct,151,2,0,0,2,12,1,2023
141,2402179123,2023-01-10 10:48:57+00:00,['1612763420998213635'],1612763420998213635,"{'impression_count': 283, 'like_count': 2, 'quote_count': 1, 'reply_count': 0, 'retweet_count': 0}",ğŸ‘¨â€ğŸ’» ğ—·ğ˜‚ğ—²ğ˜ƒğ—²ğ˜€ ğ—® ğ—¹ğ—®ğ˜€ ğ—²ğ—» bbk_kuna #masterclass diseÃ±o producto digital #uxui jose luis tienza explicaremos #bbkbootcamps ayudar profesional digital gracias bbk_eus thebridge_tech â¡ï¸apÃºntate s///yhhkfmgct s///hwyhylveb,283,2,1,0,0,10,1,2023
142,1003872445,2023-01-09 12:40:07+00:00,['1612429007739396097'],1612429007739396097,"{'impression_count': 297, 'like_count': 7, 'quote_count': 0, 'reply_count': 0, 'retweet_count': 2}",confirmado sitio haremos meetup #cps semana viene gente thebridge_tech infinita generosidad vuelve dejarnos espacio tÃ­tulo charla ddamasd ingles Â¡nos vemos,297,7,0,0,2,9,1,2023
143,570795448,2023-01-09 09:41:46+00:00,['1612384123816910852'],1612384123816910852,"{'impression_count': 967, 'like_count': 4, 'quote_count': 2, 'reply_count': 0, 'retweet_count': 2}",quieres desarrollar carrera mundo digital techte contamos #openday #bootcamps thebridge_tech esperamos apasiona mundo ciberseguridad ciencia datos desarrollo software diseÃ±o productos digitalesğŸ‘‰s///nxrixndjad s///mclybgv,967,4,2,0,2,9,1,2023
144,271028835,2023-01-07 19:55:52+00:00,['1611813891322908672'],1611813891322908672,"{'impression_count': 166, 'like_count': 7, 'quote_count': 0, 'reply_count': 0, 'retweet_count': 2}",ğŸš€ edemempresarios thebridge_tech alÃ­an impartir bootcamps desarrollo digital tecnolÃ³gico valencia | valientes emprendedores s///obydvwwpqy,166,7,0,0,2,7,1,2023
145,1530194743786881024,2023-01-06 12:28:27+00:00,['1611338908196913153'],1611338908196913153,"{'impression_count': 51, 'like_count': 2, 'quote_count': 0, 'reply_count': 0, 'retweet_count': 0}",gracias amigos thebridge_tech acogernos ğŸ™ s///owrirnjg,51,2,0,0,0,6,1,2023
146,10279282,2023-01-04 15:02:11+00:00,['1610652818234347521'],1610652818234347521,"{'impression_count': 82, 'like_count': 3, 'quote_count': 0, 'reply_count': 0, 'retweet_count': 2}",interesa diseÃ±o #producto digital ven #masterclass #uxui gratuita gracias #bbkbootcamps ğŸ“… jueves enero h ğŸ• hora ğŸ‘¥ bbk_kuna urazurrutia kalea #bilbao organiza bbk bootcamps by thebridge_tech s///txvmitmy,82,3,0,0,2,4,1,2023
147,2402179123,2023-01-04 11:57:41+00:00,['1610606391445815297'],1610606391445815297,"{'impression_count': 116, 'like_count': 3, 'quote_count': 0, 'reply_count': 0, 'retweet_count': 2}",Â¡empezamos aÃ±o #masterclass #uxui introducciÃ³n diseÃ±o #producto digital gracias jose luis tienza ğŸ“… jueves enero h ğŸ• hora ğŸ‘¥ bbk_kuna urazurrutia kalea #bilbao organiza bbk bootcamps by thebridge_tech s///yhhkfmgjq,116,3,0,0,2,4,1,2023
148,874916978665938945,2023-01-02 15:15:00+00:00,['1609931268921114627'],1609931268921114627,"{'impression_count': 593, 'like_count': 5, 'quote_count': 0, 'reply_count': 0, 'retweet_count': 1}",ğŸ¤ edemempresarios alÃ­a thebridge_tech impartir bootcamps tecnolÃ³gicos #valencia alianza busca reducir brecha digital existente potenciando formaciÃ³n tecnolÃ³gica empleabilidad demanda mercado laboral ğŸš€ s///zntbucz,593,5,0,0,1,2,1,2023
